state,parlimen,dun,code_state,code_parlimen,code_dun,code_state_dun
Perlis,P.001 Padang Besar,N.01 Titi Tinggi,9,P.001,N.01,9_N.01
Perlis,P.001 Padang Besar,N.02 Beseri,9,P.001,N.02,9_N.02
Perlis,P.001 Padang Besar,N.03 Chuping,9,P.001,N.03,9_N.03
Perlis,P.001 Padang Besar,N.04 Mata Ayer,9,P.001,N.04,9_N.04
Perlis,P.001 Padang Besar,N.05 Santan,9,P.001,N.05,9_N.05
Perlis,P.002 Kangar,N.06 Bintong,9,P.002,N.06,9_N.06
Perlis,P.002 Kangar,N.07 Sena,9,P.002,N.07,9_N.07
Perlis,P.002 Kangar,N.08 Indera Kayangan,9,P.002,N.08,9_N.08
Perlis,P.002 Kangar,N.09 Kuala Perlis,9,P.002,N.09,9_N.09
Perlis,P.002 Kangar,N.10 Kayang,9,P.002,N.10,9_N.10
Perlis,P.003 Arau,N.11 Pauh,9,P.003,N.11,9_N.11
Perlis,P.003 Arau,N.12 Tambun Tulang,9,P.003,N.12,9_N.12
Perlis,P.003 Arau,N.13 Guar Sanji,9,P.003,N.13,9_N.13
Perlis,P.003 Arau,N.14 Simpang Empat,9,P.003,N.14,9_N.14
Perlis,P.003 Arau,N.15 Sanglang,9,P.003,N.15,9_N.15
Kedah,P.004 Langkawi,N.01 Ayer Hangat,2,P.004,N.01,2_N.01
Kedah,P.004 Langkawi,N.02 Kuah,2,P.004,N.02,2_N.02
Kedah,P.005 Jerlun,N.03 Kota Siputeh,2,P.005,N.03,2_N.03
Kedah,P.005 Jerlun,N.04 Ayer Hitam,2,P.005,N.04,2_N.04
Kedah,P.006 Kubang Pasu,N.05 Bukit Kayu Hitam,2,P.006,N.05,2_N.05
Kedah,P.006 Kubang Pasu,N.06 Jitra,2,P.006,N.06,2_N.06
Kedah,P.007 Padang Terap,N.07 Kuala Nerang,2,P.007,N.07,2_N.07
Kedah,P.007 Padang Terap,N.08 Pedu,2,P.007,N.08,2_N.08
Kedah,P.008 Pokok Sena,N.09 Bukit Lada,2,P.008,N.09,2_N.09
Kedah,P.008 Pokok Sena,N.10 Bukit Pinang,2,P.008,N.10,2_N.10
Kedah,P.008 Pokok Sena,N.11 Derga,2,P.008,N.11,2_N.11
Kedah,P.009 Alor Setar,N.12 Suka Menanti,2,P.009,N.12,2_N.12
Kedah,P.009 Alor Setar,N.13 Kota Darul Aman,2,P.009,N.13,2_N.13
Kedah,P.009 Alor Setar,N.14 Alor Mengkudu,2,P.009,N.14,2_N.14
Kedah,P.010 Kuala Kedah,N.15 Anak Bukit,2,P.010,N.15,2_N.15
Kedah,P.010 Kuala Kedah,N.16 Kubang Rotan,2,P.010,N.16,2_N.16
Kedah,P.010 Kuala Kedah,N.17 Pengkalan Kundor,2,P.010,N.17,2_N.17
Kedah,P.011 Pendang,N.18 Tokai,2,P.011,N.18,2_N.18
Kedah,P.011 Pendang,N.19 Sungai Tiang,2,P.011,N.19,2_N.19
Kedah,P.012 Jerai,N.20 Sungai Limau,2,P.012,N.20,2_N.20
Kedah,P.012 Jerai,N.21 Guar Chempedak,2,P.012,N.21,2_N.21
Kedah,P.012 Jerai,N.22 Gurun,2,P.012,N.22,2_N.22
Kedah,P.013 Sik,N.23 Belantek,2,P.013,N.23,2_N.23
Kedah,P.013 Sik,N.24 Jeneri,2,P.013,N.24,2_N.24
Kedah,P.014 Merbok,N.25 Bukit Selambau,2,P.014,N.25,2_N.25
Kedah,P.014 Merbok,N.26 Tanjong Dawai,2,P.014,N.26,2_N.26
Kedah,P.015 Sungai Petani,N.27 Pantai Merdeka,2,P.015,N.27,2_N.27
Kedah,P.015 Sungai Petani,N.28 Bakar Arang,2,P.015,N.28,2_N.28
Kedah,P.015 Sungai Petani,N.29 Sidam,2,P.015,N.29,2_N.29
Kedah,P.016 Baling,N.30 Bayu,2,P.016,N.30,2_N.30
Kedah,P.016 Baling,N.31 Kupang,2,P.016,N.31,2_N.31
Kedah,P.016 Baling,N.32 Kuala Ketil,2,P.016,N.32,2_N.32
Kedah,P.017 Padang Serai,N.33 Merbau Pulas,2,P.017,N.33,2_N.33
Kedah,P.017 Padang Serai,N.34 Lunas,2,P.017,N.34,2_N.34
Kedah,P.018 Kulim-Bandar Baharu,N.35 Kulim,2,P.018,N.35,2_N.35
Kedah,P.018 Kulim-Bandar Baharu,N.36 Bandar Baharu,2,P.018,N.36,2_N.36
Kelantan,P.019 Tumpat,N.01 Pengkalan Kubor,3,P.019,N.01,3_N.01
Kelantan,P.019 Tumpat,N.02 Kelaboran,3,P.019,N.02,3_N.02
Kelantan,P.019 Tumpat,N.03 Pasir Pekan,3,P.019,N.03,3_N.03
Kelantan,P.019 Tumpat,N.04 Wakaf Bharu,3,P.019,N.04,3_N.04
Kelantan,P.020 Pengkalan Chepa,N.05 Kijang,3,P.020,N.05,3_N.05
Kelantan,P.020 Pengkalan Chepa,N.06 Chempaka,3,P.020,N.06,3_N.06
Kelantan,P.020 Pengkalan Chepa,N.07 Panchor,3,P.020,N.07,3_N.07
Kelantan,P.021 Kota Bharu,N.08 Tanjong Mas,3,P.021,N.08,3_N.08
Kelantan,P.021 Kota Bharu,N.09 Kota Lama,3,P.021,N.09,3_N.09
Kelantan,P.021 Kota Bharu,N.10 Bunut Payong,3,P.021,N.10,3_N.10
Kelantan,P.022 Pasir Mas,N.11 Tendong,3,P.022,N.11,3_N.11
Kelantan,P.022 Pasir Mas,N.12 Pengkalan Pasir,3,P.022,N.12,3_N.12
Kelantan,P.022 Pasir Mas,N.13 Meranti,3,P.022,N.13,3_N.13
Kelantan,P.023 Rantau Panjang,N.14 Chetok,3,P.023,N.14,3_N.14
Kelantan,P.023 Rantau Panjang,N.15 Gual Periok,3,P.023,N.15,3_N.15
Kelantan,P.023 Rantau Panjang,N.16 Apam Putra,3,P.023,N.16,3_N.16
Kelantan,P.024 Kubang Kerian,N.17 Salor,3,P.024,N.17,3_N.17
Kelantan,P.024 Kubang Kerian,N.18 Pasir Tumboh,3,P.024,N.18,3_N.18
Kelantan,P.024 Kubang Kerian,N.19 Demit,3,P.024,N.19,3_N.19
Kelantan,P.025 Bachok,N.20 Tawang,3,P.025,N.20,3_N.20
Kelantan,P.025 Bachok,N.21 Pantai Irama,3,P.025,N.21,3_N.21
Kelantan,P.025 Bachok,N.22 Jelawat,3,P.025,N.22,3_N.22
Kelantan,P.026 Ketereh,N.23 Melor,3,P.026,N.23,3_N.23
Kelantan,P.026 Ketereh,N.24 Kadok,3,P.026,N.24,3_N.24
Kelantan,P.026 Ketereh,N.25 Kok Lanas,3,P.026,N.25,3_N.25
Kelantan,P.027 Tanah Merah,N.26 Bukit Panau,3,P.027,N.26,3_N.26
Kelantan,P.027 Tanah Merah,N.27 Gual Ipoh,3,P.027,N.27,3_N.27
Kelantan,P.027 Tanah Merah,N.28 Kemahang,3,P.027,N.28,3_N.28
Kelantan,P.028 Pasir Puteh,N.29 Selising,3,P.028,N.29,3_N.29
Kelantan,P.028 Pasir Puteh,N.30 Limbongan,3,P.028,N.30,3_N.30
Kelantan,P.028 Pasir Puteh,N.31 Semerak,3,P.028,N.31,3_N.31
Kelantan,P.028 Pasir Puteh,N.32 Gaal,3,P.028,N.32,3_N.32
Kelantan,P.029 Machang,N.33 Pulai Chondong,3,P.029,N.33,3_N.33
Kelantan,P.029 Machang,N.34 Temangan,3,P.029,N.34,3_N.34
Kelantan,P.029 Machang,N.35 Kemuning,3,P.029,N.35,3_N.35
Kelantan,P.030 Jeli,N.36 Bukit Bunga,3,P.030,N.36,3_N.36
Kelantan,P.030 Jeli,N.37 Air Lanas,3,P.030,N.37,3_N.37
Kelantan,P.030 Jeli,N.38 Kuala Balah,3,P.030,N.38,3_N.38
Kelantan,P.031 Kuala Krai,N.39 Mengkebang,3,P.031,N.39,3_N.39
Kelantan,P.031 Kuala Krai,N.40 Guchil,3,P.031,N.40,3_N.40
Kelantan,P.031 Kuala Krai,N.41 Manek Urai,3,P.031,N.41,3_N.41
Kelantan,P.031 Kuala Krai,N.42 Dabong,3,P.031,N.42,3_N.42
Kelantan,P.032 Gua Musang,N.43 Nenggiri,3,P.032,N.43,3_N.43
Kelantan,P.032 Gua Musang,N.44 Paloh,3,P.032,N.44,3_N.44
Kelantan,P.032 Gua Musang,N.45 Galas,3,P.032,N.45,3_N.45
Terengganu,P.033 Besut,N.01 Kuala Besut,11,P.033,N.01,11_N.01
Terengganu,P.033 Besut,N.02 Kota Putera,11,P.033,N.02,11_N.02
Terengganu,P.033 Besut,N.03 Jertih,11,P.033,N.03,11_N.03
Terengganu,P.033 Besut,N.04 Hulu Besut,11,P.033,N.04,11_N.04
Terengganu,P.034 Setiu,N.05 Jabi,11,P.034,N.05,11_N.05
Terengganu,P.034 Setiu,N.06 Permaisuri,11,P.034,N.06,11_N.06
Terengganu,P.034 Setiu,N.07 Langkap,11,P.034,N.07,11_N.07
Terengganu,P.034 Setiu,N.08 Batu Rakit,11,P.034,N.08,11_N.08
Terengganu,P.035 Kuala Nerus,N.09 Tepuh,11,P.035,N.09,11_N.09
Terengganu,P.035 Kuala Nerus,N.10 Buluh Gading,11,P.035,N.10,11_N.10
Terengganu,P.035 Kuala Nerus,N.11 Seberang Takir,11,P.035,N.11,11_N.11
Terengganu,P.035 Kuala Nerus,N.12 Bukit Tunggal,11,P.035,N.12,11_N.12
Terengganu,P.036 Kuala Terengganu,N.13 Wakaf Mempelam,11,P.036,N.13,11_N.13
Terengganu,P.036 Kuala Terengganu,N.14 Bandar,11,P.036,N.14,11_N.14
Terengganu,P.036 Kuala Terengganu,N.15 Ladang,11,P.036,N.15,11_N.15
Terengganu,P.036 Kuala Terengganu,N.16 Batu Buruk,11,P.036,N.16,11_N.16
Terengganu,P.037 Marang,N.17 Alur Limbat,11,P.037,N.17,11_N.17
Terengganu,P.037 Marang,N.18 Bukit Payung,11,P.037,N.18,11_N.18
Terengganu,P.037 Marang,N.19 Ru Rendang,11,P.037,N.19,11_N.19
Terengganu,P.037 Marang,N.20 Pengkalan Berangan,11,P.037,N.20,11_N.20
Terengganu,P.038 Hulu Terengganu,N.21 Telemung,11,P.038,N.21,11_N.21
Terengganu,P.038 Hulu Terengganu,N.22 Manir,11,P.038,N.22,11_N.22
Terengganu,P.038 Hulu Terengganu,N.23 Kuala Berang,11,P.038,N.23,11_N.23
Terengganu,P.038 Hulu Terengganu,N.24 Ajil,11,P.038,N.24,11_N.24
Terengganu,P.039 Dungun,N.25 Bukit Besi,11,P.039,N.25,11_N.25
Terengganu,P.039 Dungun,N.26 Rantau Abang,11,P.039,N.26,11_N.26
Terengganu,P.039 Dungun,N.27 Sura,11,P.039,N.27,11_N.27
Terengganu,P.039 Dungun,N.28 Paka,11,P.039,N.28,11_N.28
Terengganu,P.040 Kemaman,N.29 Kemasik,11,P.040,N.29,11_N.29
Terengganu,P.040 Kemaman,N.30 Kijal,11,P.040,N.30,11_N.30
Terengganu,P.040 Kemaman,N.31 Cukai,11,P.040,N.31,11_N.31
Terengganu,P.040 Kemaman,N.32 Air Putih,11,P.040,N.32,11_N.32
Pulau Pinang,P.041 Kepala Batas,N.01 Penaga,7,P.041,N.01,7_N.01
Pulau Pinang,P.041 Kepala Batas,N.02 Bertam,7,P.041,N.02,7_N.02
Pulau Pinang,P.041 Kepala Batas,N.03 Pinang Tunggal,7,P.041,N.03,7_N.03
Pulau Pinang,P.042 Tasek Gelugor,N.04 Permatang Berangan,7,P.042,N.04,7_N.04
Pulau Pinang,P.042 Tasek Gelugor,N.05 Sungai Dua,7,P.042,N.05,7_N.05
Pulau Pinang,P.042 Tasek Gelugor,N.06 Telok Ayer Tawar,7,P.042,N.06,7_N.06
Pulau Pinang,P.043 Bagan,N.07 Sungai Puyu,7,P.043,N.07,7_N.07
Pulau Pinang,P.043 Bagan,N.08 Bagan Jermal,7,P.043,N.08,7_N.08
Pulau Pinang,P.043 Bagan,N.09 Bagan Dalam,7,P.043,N.09,7_N.09
Pulau Pinang,P.044 Permatang Pauh,N.10 Seberang Jaya,7,P.044,N.10,7_N.10
Pulau Pinang,P.044 Permatang Pauh,N.11 Permatang Pasir,7,P.044,N.11,7_N.11
Pulau Pinang,P.044 Permatang Pauh,N.12 Penanti,7,P.044,N.12,7_N.12
Pulau Pinang,P.045 Bukit Mertajam,N.13 Berapit,7,P.045,N.13,7_N.13
Pulau Pinang,P.045 Bukit Mertajam,N.14 Machang Bubuk,7,P.045,N.14,7_N.14
Pulau Pinang,P.045 Bukit Mertajam,N.15 Padang Lalang,7,P.045,N.15,7_N.15
Pulau Pinang,P.046 Batu Kawan,N.16 Perai,7,P.046,N.16,7_N.16
Pulau Pinang,P.046 Batu Kawan,N.17 Bukit Tengah,7,P.046,N.17,7_N.17
Pulau Pinang,P.046 Batu Kawan,N.18 Bukit Tambun,7,P.046,N.18,7_N.18
Pulau Pinang,P.047 Nibong Tebal,N.19 Jawi,7,P.047,N.19,7_N.19
Pulau Pinang,P.047 Nibong Tebal,N.20 Sungai Bakap,7,P.047,N.20,7_N.20
Pulau Pinang,P.047 Nibong Tebal,N.21 Sungai Acheh,7,P.047,N.21,7_N.21
Pulau Pinang,P.048 Bukit Bendera,N.22 Tanjong Bunga,7,P.048,N.22,7_N.22
Pulau Pinang,P.048 Bukit Bendera,N.23 Air Putih,7,P.048,N.23,7_N.23
Pulau Pinang,P.048 Bukit Bendera,N.24 Kebun Bunga,7,P.048,N.24,7_N.24
Pulau Pinang,P.048 Bukit Bendera,N.25 Pulau Tikus,7,P.048,N.25,7_N.25
Pulau Pinang,P.049 Tanjong,N.26 Padang Kota,7,P.049,N.26,7_N.26
Pulau Pinang,P.049 Tanjong,N.27 Pengkalan Kota,7,P.049,N.27,7_N.27
Pulau Pinang,P.049 Tanjong,N.28 Komtar,7,P.049,N.28,7_N.28
Pulau Pinang,P.050 Jelutong,N.29 Datok Keramat,7,P.050,N.29,7_N.29
Pulau Pinang,P.050 Jelutong,N.30 Sungai Pinang,7,P.050,N.30,7_N.30
Pulau Pinang,P.050 Jelutong,N.31 Batu Lancang,7,P.050,N.31,7_N.31
Pulau Pinang,P.051 Bukit Gelugor,N.32 Seri Delima,7,P.051,N.32,7_N.32
Pulau Pinang,P.051 Bukit Gelugor,N.33 Air Itam,7,P.051,N.33,7_N.33
Pulau Pinang,P.051 Bukit Gelugor,N.34 Paya Terubong,7,P.051,N.34,7_N.34
Pulau Pinang,P.052 Bayan Baru,N.35 Batu Uban,7,P.052,N.35,7_N.35
Pulau Pinang,P.052 Bayan Baru,N.36 Pantai Jerejak,7,P.052,N.36,7_N.36
Pulau Pinang,P.052 Bayan Baru,N.37 Batu Maung,7,P.052,N.37,7_N.37
Pulau Pinang,P.053 Balik Pulau,N.38 Bayan Lepas,7,P.053,N.38,7_N.38
Pulau Pinang,P.053 Balik Pulau,N.39 Pulau Betong,7,P.053,N.39,7_N.39
Pulau Pinang,P.053 Balik Pulau,N.40 Telok Bahang,7,P.053,N.40,7_N.40
Perak,P.054 Gerik,N.01 Pengkalan Hulu,8,P.054,N.01,8_N.01
Perak,P.054 Gerik,N.02 Temengor,8,P.054,N.02,8_N.02
Perak,P.055 Lenggong,N.03 Kenering,8,P.055,N.03,8_N.03
Perak,P.055 Lenggong,N.04 Kota Tampan,8,P.055,N.04,8_N.04
Perak,P.056 Larut,N.05 Selama,8,P.056,N.05,8_N.05
Perak,P.056 Larut,N.06 Kubu Gajah,8,P.056,N.06,8_N.06
Perak,P.056 Larut,N.07 Batu Kurau,8,P.056,N.07,8_N.07
Perak,P.057 Parit Buntar,N.08 Titi Serong,8,P.057,N.08,8_N.08
Perak,P.057 Parit Buntar,N.09 Kuala Kurau,8,P.057,N.09,8_N.09
Perak,P.058 Bagan Serai,N.10 Alor Pongsu,8,P.058,N.10,8_N.10
Perak,P.058 Bagan Serai,N.11 Gunong Semanggol,8,P.058,N.11,8_N.11
Perak,P.058 Bagan Serai,N.12 Selinsing,8,P.058,N.12,8_N.12
Perak,P.059 Bukit Gantang,N.13 Kuala Sepetang,8,P.059,N.13,8_N.13
Perak,P.059 Bukit Gantang,N.14 Changkat Jering,8,P.059,N.14,8_N.14
Perak,P.059 Bukit Gantang,N.15 Trong,8,P.059,N.15,8_N.15
Perak,P.060 Taiping,N.16 Kamunting,8,P.060,N.16,8_N.16
Perak,P.060 Taiping,N.17 Pokok Assam,8,P.060,N.17,8_N.17
Perak,P.060 Taiping,N.18 Aulong,8,P.060,N.18,8_N.18
Perak,P.061 Padang Rengas,N.19 Chenderoh,8,P.061,N.19,8_N.19
Perak,P.061 Padang Rengas,N.20 Lubok Merbau,8,P.061,N.20,8_N.20
Perak,P.062 Sungai Siput,N.21 Lintang,8,P.062,N.21,8_N.21
Perak,P.062 Sungai Siput,N.22 Jalong,8,P.062,N.22,8_N.22
Perak,P.063 Tambun,N.23 Manjoi,8,P.063,N.23,8_N.23
Perak,P.063 Tambun,N.24 Hulu Kinta,8,P.063,N.24,8_N.24
Perak,P.064 Ipoh Timor,N.25 Canning,8,P.064,N.25,8_N.25
Perak,P.064 Ipoh Timor,N.26 Tebing Tinggi,8,P.064,N.26,8_N.26
Perak,P.064 Ipoh Timor,N.27 Pasir Pinji,8,P.064,N.27,8_N.27
Perak,P.065 Ipoh Barat,N.28 Bercham,8,P.065,N.28,8_N.28
Perak,P.065 Ipoh Barat,N.29 Kepayang,8,P.065,N.29,8_N.29
Perak,P.065 Ipoh Barat,N.30 Buntong,8,P.065,N.30,8_N.30
Perak,P.066 Batu Gajah,N.31 Jelapang,8,P.066,N.31,8_N.31
Perak,P.066 Batu Gajah,N.32 Menglembu,8,P.066,N.32,8_N.32
Perak,P.066 Batu Gajah,N.33 Tronoh,8,P.066,N.33,8_N.33
Perak,P.067 Kuala Kangsar,N.34 Bukit Chandan,8,P.067,N.34,8_N.34
Perak,P.067 Kuala Kangsar,N.35 Manong,8,P.067,N.35,8_N.35
Perak,P.068 Beruas,N.36 Pengkalan Baharu,8,P.068,N.36,8_N.36
Perak,P.068 Beruas,N.37 Pantai Remis,8,P.068,N.37,8_N.37
Perak,P.068 Beruas,N.38 Astaka,8,P.068,N.38,8_N.38
Perak,P.069 Parit,N.39 Belanja,8,P.069,N.39,8_N.39
Perak,P.069 Parit,N.40 Bota,8,P.069,N.40,8_N.40
Perak,P.070 Kampar,N.41 Malim Nawar,8,P.070,N.41,8_N.41
Perak,P.070 Kampar,N.42 Keranji,8,P.070,N.42,8_N.42
Perak,P.070 Kampar,N.43 Tualang Sekah,8,P.070,N.43,8_N.43
Perak,P.071 Gopeng,N.44 Sungai Rapat,8,P.071,N.44,8_N.44
Perak,P.071 Gopeng,N.45 Simpang Pulai,8,P.071,N.45,8_N.45
Perak,P.071 Gopeng,N.46 Teja,8,P.071,N.46,8_N.46
Perak,P.072 Tapah,N.47 Chenderiang,8,P.072,N.47,8_N.47
Perak,P.072 Tapah,N.48 Ayer Kuning,8,P.072,N.48,8_N.48
Perak,P.073 Pasir Salak,N.49 Sungai Manik,8,P.073,N.49,8_N.49
Perak,P.073 Pasir Salak,N.50 Kampong Gajah,8,P.073,N.50,8_N.50
Perak,P.074 Lumut,N.51 Pasir Panjang,8,P.074,N.51,8_N.51
Perak,P.074 Lumut,N.52 Pangkor,8,P.074,N.52,8_N.52
Perak,P.075 Bagan Datuk,N.53 Rungkup,8,P.075,N.53,8_N.53
Perak,P.075 Bagan Datuk,N.54 Hutan Melintang,8,P.075,N.54,8_N.54
Perak,P.076 Teluk Intan,N.55 Pasir Bedamar,8,P.076,N.55,8_N.55
Perak,P.076 Teluk Intan,N.56 Changkat Jong,8,P.076,N.56,8_N.56
Perak,P.077 Tanjong Malim,N.57 Sungkai,8,P.077,N.57,8_N.57
Perak,P.077 Tanjong Malim,N.58 Slim,8,P.077,N.58,8_N.58
Perak,P.077 Tanjong Malim,N.59 Behrang,8,P.077,N.59,8_N.59
Pahang,P.078 Cameron Highlands,N.01 Tanah Rata,6,P.078,N.01,6_N.01
Pahang,P.078 Cameron Highlands,N.02 Jelai,6,P.078,N.02,6_N.02
Pahang,P.079 Lipis,N.03 Padang Tengku,6,P.079,N.03,6_N.03
Pahang,P.079 Lipis,N.04 Cheka,6,P.079,N.04,6_N.04
Pahang,P.079 Lipis,N.05 Benta,6,P.079,N.05,6_N.05
Pahang,P.080 Raub,N.06 Batu Talam,6,P.080,N.06,6_N.06
Pahang,P.080 Raub,N.07 Tras,6,P.080,N.07,6_N.07
Pahang,P.080 Raub,N.08 Dong,6,P.080,N.08,6_N.08
Pahang,P.081 Jerantut,N.09 Tahan,6,P.081,N.09,6_N.09
Pahang,P.081 Jerantut,N.10 Damak,6,P.081,N.10,6_N.10
Pahang,P.081 Jerantut,N.11 Pulau Tawar,6,P.081,N.11,6_N.11
Pahang,P.082 Indera Mahkota,N.12 Beserah,6,P.082,N.12,6_N.12
Pahang,P.082 Indera Mahkota,N.13 Semambu,6,P.082,N.13,6_N.13
Pahang,P.083 Kuantan,N.14 Teruntum,6,P.083,N.14,6_N.14
Pahang,P.083 Kuantan,N.15 Tanjung Lumpur,6,P.083,N.15,6_N.15
Pahang,P.083 Kuantan,N.16 Inderapura,6,P.083,N.16,6_N.16
Pahang,P.084 Paya Besar,N.17 Sungai Lembing,6,P.084,N.17,6_N.17
Pahang,P.084 Paya Besar,N.18 Lepar,6,P.084,N.18,6_N.18
Pahang,P.084 Paya Besar,N.19 Panching,6,P.084,N.19,6_N.19
Pahang,P.085 Pekan,N.20 Pulau Manis,6,P.085,N.20,6_N.20
Pahang,P.085 Pekan,N.21 Peramu Jaya,6,P.085,N.21,6_N.21
Pahang,P.085 Pekan,N.22 Bebar,6,P.085,N.22,6_N.22
Pahang,P.085 Pekan,N.23 Chini,6,P.085,N.23,6_N.23
Pahang,P.086 Maran,N.24 Luit,6,P.086,N.24,6_N.24
Pahang,P.086 Maran,N.25 Kuala Sentul,6,P.086,N.25,6_N.25
Pahang,P.086 Maran,N.26 Chenor,6,P.086,N.26,6_N.26
Pahang,P.087 Kuala Krau,N.27 Jenderak,6,P.087,N.27,6_N.27
Pahang,P.087 Kuala Krau,N.28 Kerdau,6,P.087,N.28,6_N.28
Pahang,P.087 Kuala Krau,N.29 Jengka,6,P.087,N.29,6_N.29
Pahang,P.088 Temerloh,N.30 Mentakab,6,P.088,N.30,6_N.30
Pahang,P.088 Temerloh,N.31 Lanchang,6,P.088,N.31,6_N.31
Pahang,P.088 Temerloh,N.32 Kuala Semantan,6,P.088,N.32,6_N.32
Pahang,P.089 Bentong,N.33 Bilut,6,P.089,N.33,6_N.33
Pahang,P.089 Bentong,N.34 Ketari,6,P.089,N.34,6_N.34
Pahang,P.089 Bentong,N.35 Sabai,6,P.089,N.35,6_N.35
Pahang,P.089 Bentong,N.36 Pelangai,6,P.089,N.36,6_N.36
Pahang,P.090 Bera,N.37 Guai,6,P.090,N.37,6_N.37
Pahang,P.090 Bera,N.38 Triang,6,P.090,N.38,6_N.38
Pahang,P.090 Bera,N.39 Kemayan,6,P.090,N.39,6_N.39
Pahang,P.091 Rompin,N.40 Bukit Ibam,6,P.091,N.40,6_N.40
Pahang,P.091 Rompin,N.41 Muadzam Shah,6,P.091,N.41,6_N.41
Pahang,P.091 Rompin,N.42 Tioman,6,P.091,N.42,6_N.42
Selangor,P.092 Sabak Bernam,N.01 Sungai Air Tawar,10,P.092,N.01,10_N.01
Selangor,P.092 Sabak Bernam,N.02 Sabak,10,P.092,N.02,10_N.02
Selangor,P.093 Sungai Besar,N.03 Sungai Panjang,10,P.093,N.03,10_N.03
Selangor,P.093 Sungai Besar,N.04 Sekinchan,10,P.093,N.04,10_N.04
Selangor,P.094 Hulu Selangor,N.05 Hulu Bernam,10,P.094,N.05,10_N.05
Selangor,P.094 Hulu Selangor,N.06 Kuala Kubu Baharu,10,P.094,N.06,10_N.06
Selangor,P.094 Hulu Selangor,N.07 Batang Kali,10,P.094,N.07,10_N.07
Selangor,P.095 Tanjong Karang,N.08 Sungai Burong,10,P.095,N.08,10_N.08
Selangor,P.095 Tanjong Karang,N.09 Permatang,10,P.095,N.09,10_N.09
Selangor,P.096 Kuala Selangor,N.10 Bukit Melawati,10,P.096,N.10,10_N.10
Selangor,P.096 Kuala Selangor,N.11 Ijok,10,P.096,N.11,10_N.11
Selangor,P.096 Kuala Selangor,N.12 Jeram,10,P.096,N.12,10_N.12
Selangor,P.097 Selayang,N.13 Kuang,10,P.097,N.13,10_N.13
Selangor,P.097 Selayang,N.14 Rawang,10,P.097,N.14,10_N.14
Selangor,P.097 Selayang,N.15 Taman Templer,10,P.097,N.15,10_N.15
Selangor,P.098 Gombak,N.16 Sungai Tua,10,P.098,N.16,10_N.16
Selangor,P.098 Gombak,N.17 Gombak Setia,10,P.098,N.17,10_N.17
Selangor,P.098 Gombak,N.18 Hulu Kelang,10,P.098,N.18,10_N.18
Selangor,P.099 Ampang,N.19 Bukit Antarabangsa,10,P.099,N.19,10_N.19
Selangor,P.099 Ampang,N.20 Lembah Jaya,10,P.099,N.20,10_N.20
Selangor,P.100 Pandan,N.21 Pandan Indah,10,P.100,N.21,10_N.21
Selangor,P.100 Pandan,N.22 Teratai,10,P.100,N.22,10_N.22
Selangor,P.101 Hulu Langat,N.23 Dusun Tua,10,P.101,N.23,10_N.23
Selangor,P.101 Hulu Langat,N.24 Semenyih,10,P.101,N.24,10_N.24
Selangor,P.102 Bangi,N.25 Kajang,10,P.102,N.25,10_N.25
Selangor,P.102 Bangi,N.26 Sungai Ramal,10,P.102,N.26,10_N.26
Selangor,P.102 Bangi,N.27 Balakong,10,P.102,N.27,10_N.27
Selangor,P.103 Puchong,N.28 Seri Kembangan,10,P.103,N.28,10_N.28
Selangor,P.103 Puchong,N.29 Seri Serdang,10,P.103,N.29,10_N.29
Selangor,P.104 Subang,N.30 Kinrara,10,P.104,N.30,10_N.30
Selangor,P.104 Subang,N.31 Subang Jaya,10,P.104,N.31,10_N.31
Selangor,P.105 Petaling Jaya,N.32 Seri Setia,10,P.105,N.32,10_N.32
Selangor,P.105 Petaling Jaya,N.33 Taman Medan,10,P.105,N.33,10_N.33
Selangor,P.105 Petaling Jaya,N.34 Bukit Gasing,10,P.105,N.34,10_N.34
Selangor,P.106 Damansara,N.35 Kampung Tunku,10,P.106,N.35,10_N.35
Selangor,P.106 Damansara,N.36 Bandar Utama,10,P.106,N.36,10_N.36
Selangor,P.106 Damansara,N.37 Bukit Lanjan,10,P.106,N.37,10_N.37
Selangor,P.107 Sungai Buloh,N.38 Paya Jaras,10,P.107,N.38,10_N.38
Selangor,P.107 Sungai Buloh,N.39 Kota Damansara,10,P.107,N.39,10_N.39
Selangor,P.108 Shah Alam,N.40 Kota Anggerik,10,P.108,N.40,10_N.40
Selangor,P.108 Shah Alam,N.41 Batu Tiga,10,P.108,N.41,10_N.41
Selangor,P.109 Kapar,N.42 Meru,10,P.109,N.42,10_N.42
Selangor,P.109 Kapar,N.43 Sementa,10,P.109,N.43,10_N.43
Selangor,P.109 Kapar,N.44 Selat Klang,10,P.109,N.44,10_N.44
Selangor,P.110 Klang,N.45 Bandar Baru Klang,10,P.110,N.45,10_N.45
Selangor,P.110 Klang,N.46 Pelabuhan Klang,10,P.110,N.46,10_N.46
Selangor,P.110 Klang,N.47 Pandamaran,10,P.110,N.47,10_N.47
Selangor,P.111 Kota Raja,N.48 Sentosa,10,P.111,N.48,10_N.48
Selangor,P.111 Kota Raja,N.49 Sungai Kandis,10,P.111,N.49,10_N.49
Selangor,P.111 Kota Raja,N.50 Kota Kemuning,10,P.111,N.50,10_N.50
Selangor,P.112 Kuala Langat,N.51 Sijangkang,10,P.112,N.51,10_N.51
Selangor,P.112 Kuala Langat,N.52 Banting,10,P.112,N.52,10_N.52
Selangor,P.112 Kuala Langat,N.53 Morib,10,P.112,N.53,10_N.53
Selangor,P.113 Sepang,N.54 Tanjong Sepat,10,P.113,N.54,10_N.54
Selangor,P.113 Sepang,N.55 Dengkil,10,P.113,N.55,10_N.55
Selangor,P.113 Sepang,N.56 Sungai Pelek,10,P.113,N.56,10_N.56
W.P. Kuala Lumpur,P.114 Kepong,,,P.114,,
W.P. Kuala Lumpur,P.115 Batu,,,P.115,,
W.P. Kuala Lumpur,P.116 Wangsa Maju,,,P.116,,
W.P. Kuala Lumpur,P.117 Segambut,,,P.117,,
W.P. Kuala Lumpur,P.118 Setiawangsa,,,P.118,,
W.P. Kuala Lumpur,P.119 Titiwangsa,,,P.119,,
W.P. Kuala Lumpur,P.120 Bukit Bintang,,,P.120,,
W.P. Kuala Lumpur,P.121 Lembah Pantai,,,P.121,,
W.P. Kuala Lumpur,P.122 Seputeh,,,P.122,,
W.P. Kuala Lumpur,P.123 Cheras,,,P.123,,
W.P. Kuala Lumpur,P.124 Bandar Tun Razak,,,P.124,,
W.P. Putrajaya,P.125 Putrajaya,,,P.125,,
Negeri Sembilan,P.126 Jelebu,N.01 Chennah,5,P.126,N.01,5_N.01
Negeri Sembilan,P.126 Jelebu,N.02 Pertang,5,P.126,N.02,5_N.02
Negeri Sembilan,P.126 Jelebu,N.03 Sungai Lui,5,P.126,N.03,5_N.03
Negeri Sembilan,P.126 Jelebu,N.04 Klawang,5,P.126,N.04,5_N.04
Negeri Sembilan,P.127 Jempol,N.05 Serting,5,P.127,N.05,5_N.05
Negeri Sembilan,P.127 Jempol,N.06 Palong,5,P.127,N.06,5_N.06
Negeri Sembilan,P.127 Jempol,N.07 Jeram Padang,5,P.127,N.07,5_N.07
Negeri Sembilan,P.127 Jempol,N.08 Bahau,5,P.127,N.08,5_N.08
Negeri Sembilan,P.128 Seremban,N.09 Lenggeng,5,P.128,N.09,5_N.09
Negeri Sembilan,P.128 Seremban,N.10 Nilai,5,P.128,N.10,5_N.10
Negeri Sembilan,P.128 Seremban,N.11 Lobak,5,P.128,N.11,5_N.11
Negeri Sembilan,P.128 Seremban,N.12 Temiang,5,P.128,N.12,5_N.12
Negeri Sembilan,P.128 Seremban,N.13 Sikamat,5,P.128,N.13,5_N.13
Negeri Sembilan,P.128 Seremban,N.14 Ampangan,5,P.128,N.14,5_N.14
Negeri Sembilan,P.129 Kuala Pilah,N.15 Juasseh,5,P.129,N.15,5_N.15
Negeri Sembilan,P.129 Kuala Pilah,N.16 Seri Menanti,5,P.129,N.16,5_N.16
Negeri Sembilan,P.129 Kuala Pilah,N.17 Senaling,5,P.129,N.17,5_N.17
Negeri Sembilan,P.129 Kuala Pilah,N.18 Pilah,5,P.129,N.18,5_N.18
Negeri Sembilan,P.129 Kuala Pilah,N.19 Johol,5,P.129,N.19,5_N.19
Negeri Sembilan,P.130 Rasah,N.20 Labu,5,P.130,N.20,5_N.20
Negeri Sembilan,P.130 Rasah,N.21 Bukit Kepayang,5,P.130,N.21,5_N.21
Negeri Sembilan,P.130 Rasah,N.22 Rahang,5,P.130,N.22,5_N.22
Negeri Sembilan,P.130 Rasah,N.23 Mambau,5,P.130,N.23,5_N.23
Negeri Sembilan,P.130 Rasah,N.24 Seremban Jaya,5,P.130,N.24,5_N.24
Negeri Sembilan,P.131 Rembau,N.25 Paroi,5,P.131,N.25,5_N.25
Negeri Sembilan,P.131 Rembau,N.26 Chembong,5,P.131,N.26,5_N.26
Negeri Sembilan,P.131 Rembau,N.27 Rantau,5,P.131,N.27,5_N.27
Negeri Sembilan,P.131 Rembau,N.28 Kota,5,P.131,N.28,5_N.28
Negeri Sembilan,P.132 Port Dickson,N.29 Chuah,5,P.132,N.29,5_N.29
Negeri Sembilan,P.132 Port Dickson,N.30 Lukut,5,P.132,N.30,5_N.30
Negeri Sembilan,P.132 Port Dickson,N.31 Bagan Pinang,5,P.132,N.31,5_N.31
Negeri Sembilan,P.132 Port Dickson,N.32 Linggi,5,P.132,N.32,5_N.32
Negeri Sembilan,P.132 Port Dickson,N.33 Sri Tanjung,5,P.132,N.33,5_N.33
Negeri Sembilan,P.133 Tampin,N.34 Gemas,5,P.133,N.34,5_N.34
Negeri Sembilan,P.133 Tampin,N.35 Gemencheh,5,P.133,N.35,5_N.35
Negeri Sembilan,P.133 Tampin,N.36 Repah,5,P.133,N.36,5_N.36
Melaka,P.134 Masjid Tanah,N.01 Kuala Linggi,4,P.134,N.01,4_N.01
Melaka,P.134 Masjid Tanah,N.02 Tanjung Bidara,4,P.134,N.02,4_N.02
Melaka,P.134 Masjid Tanah,N.03 Ayer Limau,4,P.134,N.03,4_N.03
Melaka,P.134 Masjid Tanah,N.04 Lendu,4,P.134,N.04,4_N.04
Melaka,P.134 Masjid Tanah,N.05 Taboh Naning,4,P.134,N.05,4_N.05
Melaka,P.135 Alor Gajah,N.06 Rembia,4,P.135,N.06,4_N.06
Melaka,P.135 Alor Gajah,N.07 Gadek,4,P.135,N.07,4_N.07
Melaka,P.135 Alor Gajah,N.08 Machap Jaya,4,P.135,N.08,4_N.08
Melaka,P.135 Alor Gajah,N.09 Durian Tunggal,4,P.135,N.09,4_N.09
Melaka,P.135 Alor Gajah,N.10 Asahan,4,P.135,N.10,4_N.10
Melaka,P.136 Tangga Batu,N.11 Sungai Udang,4,P.136,N.11,4_N.11
Melaka,P.136 Tangga Batu,N.12 Pantai Kundor,4,P.136,N.12,4_N.12
Melaka,P.136 Tangga Batu,N.13 Paya Rumput,4,P.136,N.13,4_N.13
Melaka,P.136 Tangga Batu,N.14 Kelebang,4,P.136,N.14,4_N.14
Melaka,P.137 Hang Tuah Jaya,N.15 Pengkalan Batu,4,P.137,N.15,4_N.15
Melaka,P.137 Hang Tuah Jaya,N.16 Ayer Keroh,4,P.137,N.16,4_N.16
Melaka,P.137 Hang Tuah Jaya,N.17 Bukit Katil,4,P.137,N.17,4_N.17
Melaka,P.137 Hang Tuah Jaya,N.18 Ayer Molek,4,P.137,N.18,4_N.18
Melaka,P.138 Kota Melaka,N.19 Kesidang,4,P.138,N.19,4_N.19
Melaka,P.138 Kota Melaka,N.20 Kota Laksamana,4,P.138,N.20,4_N.20
Melaka,P.138 Kota Melaka,N.21 Duyong,4,P.138,N.21,4_N.21
Melaka,P.138 Kota Melaka,N.22 Bandar Hilir,4,P.138,N.22,4_N.22
Melaka,P.138 Kota Melaka,N.23 Telok Mas,4,P.138,N.23,4_N.23
Melaka,P.139 Jasin,N.24 Bemban,4,P.139,N.24,4_N.24
Melaka,P.139 Jasin,N.25 Rim,4,P.139,N.25,4_N.25
Melaka,P.139 Jasin,N.26 Serkam,4,P.139,N.26,4_N.26
Melaka,P.139 Jasin,N.27 Merlimau,4,P.139,N.27,4_N.27
Melaka,P.139 Jasin,N.28 Sungai Rambai,4,P.139,N.28,4_N.28
Johor,P.140 Segamat,N.01 Buloh Kasap,1,P.140,N.01,1_N.01
Johor,P.140 Segamat,N.02 Jementah,1,P.140,N.02,1_N.02
Johor,P.141 Sekijang,N.03 Pemanis,1,P.141,N.03,1_N.03
Johor,P.141 Sekijang,N.04 Kemelah,1,P.141,N.04,1_N.04
Johor,P.142 Labis,N.05 Tenang,1,P.142,N.05,1_N.05
Johor,P.142 Labis,N.06 Bekok,1,P.142,N.06,1_N.06
Johor,P.143 Pagoh,N.07 Bukit Kepong,1,P.143,N.07,1_N.07
Johor,P.143 Pagoh,N.08 Bukit Pasir,1,P.143,N.08,1_N.08
Johor,P.144 Ledang,N.09 Gambir,1,P.144,N.09,1_N.09
Johor,P.144 Ledang,N.10 Tangkak,1,P.144,N.10,1_N.10
Johor,P.144 Ledang,N.11 Serom,1,P.144,N.11,1_N.11
Johor,P.145 Bakri,N.12 Bentayan,1,P.145,N.12,1_N.12
Johor,P.145 Bakri,N.13 Simpang Jeram,1,P.145,N.13,1_N.13
Johor,P.145 Bakri,N.14 Bukit Naning,1,P.145,N.14,1_N.14
Johor,P.146 Muar,N.15 Maharani,1,P.146,N.15,1_N.15
Johor,P.146 Muar,N.16 Sungai Balang,1,P.146,N.16,1_N.16
Johor,P.147 Parit Sulong,N.17 Semerah,1,P.147,N.17,1_N.17
Johor,P.147 Parit Sulong,N.18 Sri Medan,1,P.147,N.18,1_N.18
Johor,P.148 Ayer Hitam,N.19 Yong Peng,1,P.148,N.19,1_N.19
Johor,P.148 Ayer Hitam,N.20 Semarang,1,P.148,N.20,1_N.20
Johor,P.149 Sri Gading,N.21 Parit Yaani,1,P.149,N.21,1_N.21
Johor,P.149 Sri Gading,N.22 Parit Raja,1,P.149,N.22,1_N.22
Johor,P.150 Batu Pahat,N.23 Penggaram,1,P.150,N.23,1_N.23
Johor,P.150 Batu Pahat,N.24 Senggarang,1,P.150,N.24,1_N.24
Johor,P.150 Batu Pahat,N.25 Rengit,1,P.150,N.25,1_N.25
Johor,P.151 Simpang Renggam,N.26 Machap,1,P.151,N.26,1_N.26
Johor,P.151 Simpang Renggam,N.27 Layang-Layang,1,P.151,N.27,1_N.27
Johor,P.152 Kluang,N.28 Mengkibol,1,P.152,N.28,1_N.28
Johor,P.152 Kluang,N.29 Mahkota,1,P.152,N.29,1_N.29
Johor,P.153 Sembrong,N.30 Paloh,1,P.032,N.30,1_N.30
Johor,P.153 Sembrong,N.31 Kahang,1,P.153,N.31,1_N.31
Johor,P.154 Mersing,N.32 Endau,1,P.154,N.32,1_N.32
Johor,P.154 Mersing,N.33 Tenggaroh,1,P.154,N.33,1_N.33
Johor,P.155 Tenggara,N.34 Panti,1,P.155,N.34,1_N.34
Johor,P.155 Tenggara,N.35 Pasir Raja,1,P.155,N.35,1_N.35
Johor,P.156 Kota Tinggi,N.36 Sedili,1,P.156,N.36,1_N.36
Johor,P.156 Kota Tinggi,N.37 Johor Lama,1,P.156,N.37,1_N.37
Johor,P.157 Pengerang,N.38 Penawar,1,P.157,N.38,1_N.38
Johor,P.157 Pengerang,N.39 Tanjung Surat,1,P.157,N.39,1_N.39
Johor,P.158 Tebrau,N.40 Tiram,1,P.158,N.40,1_N.40
Johor,P.158 Tebrau,N.41 Puteri Wangsa,1,P.158,N.41,1_N.41
Johor,P.159 Pasir Gudang,N.42 Johor Jaya,1,P.159,N.42,1_N.42
Johor,P.159 Pasir Gudang,N.43 Permas,1,P.159,N.43,1_N.43
Johor,P.160 Johor Bahru,N.44 Larkin,1,P.160,N.44,1_N.44
Johor,P.160 Johor Bahru,N.45 Stulang,1,P.160,N.45,1_N.45
Johor,P.161 Pulai,N.46 Perling,1,P.161,N.46,1_N.46
Johor,P.161 Pulai,N.47 Kempas,1,P.161,N.47,1_N.47
Johor,P.162 Iskandar Puteri,N.48 Skudai,1,P.162,N.48,1_N.48
Johor,P.162 Iskandar Puteri,N.49 Kota Iskandar,1,P.162,N.49,1_N.49
Johor,P.163 Kulai,N.50 Bukit Permai,1,P.163,N.50,1_N.50
Johor,P.163 Kulai,N.51 Bukit Batu,1,P.163,N.51,1_N.51
Johor,P.163 Kulai,N.52 Senai,1,P.163,N.52,1_N.52
Johor,P.164 Pontian,N.53 Benut,1,P.164,N.53,1_N.53
Johor,P.164 Pontian,N.54 Pulai Sebatang,1,P.164,N.54,1_N.54
Johor,P.165 Tanjung Piai,N.55 Pekan Nanas,1,P.165,N.55,1_N.55
Johor,P.165 Tanjung Piai,N.56 Kukup,1,P.165,N.56,1_N.56
W.P. Labuan,P.166 Labuan,,,P.166,,
Sabah,P.167 Kudat,N.01 Banggi,12,P.167,N.01,12_N.01
Sabah,P.167 Kudat,N.02 Bengkoka,12,P.167,N.02,12_N.02
Sabah,P.167 Kudat,N.03 Pitas,12,P.167,N.03,12_N.03
Sabah,P.167 Kudat,N.04 Tanjong Kapor,12,P.167,N.04,12_N.04
Sabah,P.168 Kota Marudu,N.05 Matunggong,12,P.168,N.05,12_N.05
Sabah,P.168 Kota Marudu,N.06 Bandau,12,P.168,N.06,12_N.06
Sabah,P.168 Kota Marudu,N.07 Tandek,12,P.168,N.07,12_N.07
Sabah,P.169 Kota Belud,N.08 Pintasan,12,P.169,N.08,12_N.08
Sabah,P.169 Kota Belud,N.09 Tempasuk,12,P.169,N.09,12_N.09
Sabah,P.169 Kota Belud,N.10 Usukan,12,P.169,N.10,12_N.10
Sabah,P.169 Kota Belud,N.11 Kadamaian,12,P.169,N.11,12_N.11
Sabah,P.170 Tuaran,N.12 Sulaman,12,P.170,N.12,12_N.12
Sabah,P.170 Tuaran,N.13 Pantai Dalit,12,P.170,N.13,12_N.13
Sabah,P.170 Tuaran,N.14 Tamparuli,12,P.170,N.14,12_N.14
Sabah,P.170 Tuaran,N.15 Kiulu,12,P.170,N.15,12_N.15
Sabah,P.171 Sepanggar,N.16 Karambunai,12,P.171,N.16,12_N.16
Sabah,P.171 Sepanggar,N.17 Darau,12,P.171,N.17,12_N.17
Sabah,P.171 Sepanggar,N.18 Inanam,12,P.171,N.18,12_N.18
Sabah,P.172 Kota Kinabalu,N.19 Likas,12,P.172,N.19,12_N.19
Sabah,P.172 Kota Kinabalu,N.20 Api-Api,12,P.172,N.20,12_N.20
Sabah,P.172 Kota Kinabalu,N.21 Luyang,12,P.172,N.21,12_N.21
Sabah,P.173 Putatan,N.22 Tanjong Aru,12,P.173,N.22,12_N.22
Sabah,P.173 Putatan,N.23 Petagas,12,P.173,N.23,12_N.23
Sabah,P.173 Putatan,N.24 Tanjung Keramat,12,P.173,N.24,12_N.24
Sabah,P.174 Penampang,N.25 Kapayan,12,P.174,N.25,12_N.25
Sabah,P.174 Penampang,N.26 Moyog,12,P.174,N.26,12_N.26
Sabah,P.175 Papar,N.27 Limbahau,12,P.175,N.27,12_N.27
Sabah,P.175 Papar,N.28 Kawang,12,P.175,N.28,12_N.28
Sabah,P.175 Papar,N.29 Pantai Manis,12,P.175,N.29,12_N.29
Sabah,P.176 Kimanis,N.30 Bongawan,12,P.176,N.30,12_N.30
Sabah,P.176 Kimanis,N.31 Membakut,12,P.176,N.31,12_N.31
Sabah,P.177 Beaufort,N.32 Klias,12,P.177,N.32,12_N.32
Sabah,P.177 Beaufort,N.33 Kuala Penyu,12,P.177,N.33,12_N.33
Sabah,P.178 Sipitang,N.34 Lumadan,12,P.178,N.34,12_N.34
Sabah,P.178 Sipitang,N.35 Sindumin,12,P.178,N.35,12_N.35
Sabah,P.179 Ranau,N.36 Kundasang,12,P.179,N.36,12_N.36
Sabah,P.179 Ranau,N.37 Karanaan,12,P.179,N.37,12_N.37
Sabah,P.179 Ranau,N.38 Paginatan,12,P.179,N.38,12_N.38
Sabah,P.180 Keningau,N.39 Tambunan,12,P.180,N.39,12_N.39
Sabah,P.180 Keningau,N.40 Bingkor,12,P.180,N.40,12_N.40
Sabah,P.180 Keningau,N.41 Liawan,12,P.180,N.41,12_N.41
Sabah,P.181 Tenom,N.42 Melalap,12,P.181,N.42,12_N.42
Sabah,P.181 Tenom,N.43 Kemabong,12,P.181,N.43,12_N.43
Sabah,P.182 Pensiangan,N.44 Tulid,12,P.182,N.44,12_N.44
Sabah,P.182 Pensiangan,N.45 Sook,12,P.182,N.45,12_N.45
Sabah,P.182 Pensiangan,N.46 Nabawan,12,P.182,N.46,12_N.46
Sabah,P.183 Beluran,N.47 Telupid,12,P.183,N.47,12_N.47
Sabah,P.183 Beluran,N.48 Sugut,12,P.183,N.48,12_N.48
Sabah,P.183 Beluran,N.49 Labuk,12,P.183,N.49,12_N.49
Sabah,P.184 Libaran,N.50 Gum-Gum,12,P.184,N.50,12_N.50
Sabah,P.184 Libaran,N.51 Sungai Manila,12,P.184,N.51,12_N.51
Sabah,P.184 Libaran,N.52 Sungai Sibuga,12,P.184,N.52,12_N.52
Sabah,P.185 Batu Sapi,N.53 Sekong,12,P.185,N.53,12_N.53
Sabah,P.185 Batu Sapi,N.54 Karamunting,12,P.185,N.54,12_N.54
Sabah,P.186 Sandakan,N.55 Elopura,12,P.186,N.55,12_N.55
Sabah,P.186 Sandakan,N.56 Tanjong Papat,12,P.186,N.56,12_N.56
Sabah,P.187 Kinabatangan,N.57 Kuamut,12,P.187,N.57,12_N.57
Sabah,P.187 Kinabatangan,N.58 Lamag,12,P.187,N.58,12_N.58
Sabah,P.187 Kinabatangan,N.59 Sukau,12,P.187,N.59,12_N.59
Sabah,P.188 Lahad Datu,N.60 Tungku,12,P.188,N.60,12_N.60
Sabah,P.188 Lahad Datu,N.61 Segama,12,P.188,N.61,12_N.61
Sabah,P.188 Lahad Datu,N.62 Silam,12,P.188,N.62,12_N.62
Sabah,P.188 Lahad Datu,N.63 Kunak,12,P.188,N.63,12_N.63
Sabah,P.189 Semporna,N.64 Sulabayan,12,P.189,N.64,12_N.64
Sabah,P.189 Semporna,N.65 Senallang,12,P.189,N.65,12_N.65
Sabah,P.189 Semporna,N.66 Bugaya,12,P.189,N.66,12_N.66
Sabah,P.190 Tawau,N.67 Balung,12,P.190,N.67,12_N.67
Sabah,P.190 Tawau,N.68 Apas,12,P.190,N.68,12_N.68
Sabah,P.190 Tawau,N.69 Sri Tanjong,12,P.190,N.69,12_N.69
Sabah,P.191 Kalabakan,N.70 Kukusan,12,P.191,N.70,12_N.70
Sabah,P.191 Kalabakan,N.71 Tanjung Batu,12,P.191,N.71,12_N.71
Sabah,P.191 Kalabakan,N.72 Merotai,12,P.191,N.72,12_N.72
Sabah,P.191 Kalabakan,N.73 Sebatik,12,P.191,N.73,12_N.73
Sarawak,P.192 Mas Gading,N.01 Opar,13,P.192,N.01,13_N.01
Sarawak,P.192 Mas Gading,N.02 Tasik Biru,13,P.192,N.02,13_N.02
Sarawak,P.193 Santubong,N.03 Tanjong Datu,13,P.193,N.03,13_N.03
Sarawak,P.193 Santubong,N.04 Pantai Damai,13,P.193,N.04,13_N.04
Sarawak,P.193 Santubong,N.05 Demak Laut,13,P.193,N.05,13_N.05
Sarawak,P.194 Petra Jaya,N.06 Tupong,13,P.194,N.06,13_N.06
Sarawak,P.194 Petra Jaya,N.07 Samariang,13,P.194,N.07,13_N.07
Sarawak,P.194 Petra Jaya,N.08 Satok,13,P.194,N.08,13_N.08
Sarawak,P.195 Bandar Kuching,N.09 Padungan,13,P.195,N.09,13_N.09
Sarawak,P.195 Bandar Kuching,N.10 Pending,13,P.195,N.10,13_N.10
Sarawak,P.195 Bandar Kuching,N.11 Batu Lintang,13,P.195,N.11,13_N.11
Sarawak,P.196 Stampin,N.12 Kota Sentosa,13,P.196,N.12,13_N.12
Sarawak,P.196 Stampin,N.13 Batu Kitang,13,P.196,N.13,13_N.13
Sarawak,P.196 Stampin,N.14 Batu Kawah,13,P.196,N.14,13_N.14
Sarawak,P.197 Kota Samarahan,N.15 Asajaya,13,P.197,N.15,13_N.15
Sarawak,P.197 Kota Samarahan,N.16 Muara Tuang,13,P.197,N.16,13_N.16
Sarawak,P.197 Kota Samarahan,N.17 Stakan,13,P.197,N.17,13_N.17
Sarawak,P.198 Puncak Borneo,N.18 Serembu,13,P.198,N.18,13_N.18
Sarawak,P.198 Puncak Borneo,N.19 Mambong,13,P.198,N.19,13_N.19
Sarawak,P.198 Puncak Borneo,N.20 Tarat,13,P.198,N.20,13_N.20
Sarawak,P.199 Serian,N.21 Tebedu,13,P.199,N.21,13_N.21
Sarawak,P.199 Serian,N.22 Kedup,13,P.199,N.22,13_N.22
Sarawak,P.199 Serian,N.23 Bukit Semuja,13,P.199,N.23,13_N.23
Sarawak,P.200 Batang Sadong,N.24 Sadong Jaya,13,P.200,N.24,13_N.24
Sarawak,P.200 Batang Sadong,N.25 Simunjan,13,P.200,N.25,13_N.25
Sarawak,P.200 Batang Sadong,N.26 Gedong,13,P.200,N.26,13_N.26
Sarawak,P.201 Batang Lupar,N.27 Sebuyau,13,P.201,N.27,13_N.27
Sarawak,P.201 Batang Lupar,N.28 Lingga,13,P.201,N.28,13_N.28
Sarawak,P.201 Batang Lupar,N.29 Beting Maro,13,P.201,N.29,13_N.29
Sarawak,P.202 Sri Aman,N.30 Balai Ringin,13,P.202,N.30,13_N.30
Sarawak,P.202 Sri Aman,N.31 Bukit Begunan,13,P.202,N.31,13_N.31
Sarawak,P.202 Sri Aman,N.32 Simanggang,13,P.202,N.32,13_N.32
Sarawak,P.203 Lubok Antu,N.33 Engkilili,13,P.203,N.33,13_N.33
Sarawak,P.203 Lubok Antu,N.34 Batang Ai,13,P.203,N.34,13_N.34
Sarawak,P.204 Betong,N.35 Saribas,13,P.204,N.35,13_N.35
Sarawak,P.204 Betong,N.36 Layar,13,P.204,N.36,13_N.36
Sarawak,P.204 Betong,N.37 Bukit Saban,13,P.204,N.37,13_N.37
Sarawak,P.205 Saratok,N.38 Kalaka,13,P.205,N.38,13_N.38
Sarawak,P.205 Saratok,N.39 Krian,13,P.205,N.39,13_N.39
Sarawak,P.205 Saratok,N.40 Kabong,13,P.205,N.40,13_N.40
Sarawak,P.206 Tanjong Manis,N.41 Kuala Rajang,13,P.206,N.41,13_N.41
Sarawak,P.206 Tanjong Manis,N.42 Semop,13,P.206,N.42,13_N.42
Sarawak,P.207 Igan,N.43 Daro,13,P.207,N.43,13_N.43
Sarawak,P.207 Igan,N.44 Jemoreng,13,P.207,N.44,13_N.44
Sarawak,P.208 Sarikei,N.45 Repok,13,P.208,N.45,13_N.45
Sarawak,P.208 Sarikei,N.46 Meradong,13,P.208,N.46,13_N.46
Sarawak,P.209 Julau,N.47 Pakan,13,P.209,N.47,13_N.47
Sarawak,P.209 Julau,N.48 Meluan,13,P.209,N.48,13_N.48
Sarawak,P.210 Kanowit,N.49 Ngemah,13,P.210,N.49,13_N.49
Sarawak,P.210 Kanowit,N.50 Machan,13,P.210,N.50,13_N.50
Sarawak,P.211 Lanang,N.51 Bukit Assek,13,P.211,N.51,13_N.51
Sarawak,P.211 Lanang,N.52 Dudong,13,P.211,N.52,13_N.52
Sarawak,P.212 Sibu,N.53 Bawang Assan,13,P.212,N.53,13_N.53
Sarawak,P.212 Sibu,N.54 Pelawan,13,P.212,N.54,13_N.54
Sarawak,P.212 Sibu,N.55 Nangka,13,P.212,N.55,13_N.55
Sarawak,P.213 Mukah,N.56 Dalat,13,P.213,N.56,13_N.56
Sarawak,P.213 Mukah,N.57 Tellian,13,P.213,N.57,13_N.57
Sarawak,P.213 Mukah,N.58 Balingian,13,P.213,N.58,13_N.58
Sarawak,P.214 Selangau,N.59 Tamin,13,P.214,N.59,13_N.59
Sarawak,P.214 Selangau,N.60 Kakus,13,P.214,N.60,13_N.60
Sarawak,P.215 Kapit,N.61 Pelagus,13,P.215,N.61,13_N.61
Sarawak,P.215 Kapit,N.62 Katibas,13,P.215,N.62,13_N.62
Sarawak,P.215 Kapit,N.63 Bukit Goram,13,P.215,N.63,13_N.63
Sarawak,P.216 Hulu Rajang,N.64 Baleh,13,P.216,N.64,13_N.64
Sarawak,P.216 Hulu Rajang,N.65 Belaga,13,P.216,N.65,13_N.65
Sarawak,P.216 Hulu Rajang,N.66 Murum,13,P.216,N.66,13_N.66
Sarawak,P.217 Bintulu,N.67 Jepak,13,P.217,N.67,13_N.67
Sarawak,P.217 Bintulu,N.68 Tanjong Batu,13,P.217,N.68,13_N.68
Sarawak,P.217 Bintulu,N.69 Kemena,13,P.217,N.69,13_N.69
Sarawak,P.217 Bintulu,N.70 Samalaju,13,P.217,N.70,13_N.70
Sarawak,P.218 Sibuti,N.71 Bekenu,13,P.218,N.71,13_N.71
Sarawak,P.218 Sibuti,N.72 Lambir,13,P.218,N.72,13_N.72
Sarawak,P.219 Miri,N.73 Piasau,13,P.219,N.73,13_N.73
Sarawak,P.219 Miri,N.74 Pujut,13,P.219,N.74,13_N.74
Sarawak,P.219 Miri,N.75 Senadin,13,P.219,N.75,13_N.75
Sarawak,P.220 Baram,N.76 Marudi,13,P.220,N.76,13_N.76
Sarawak,P.220 Baram,N.77 Telang Usan,13,P.220,N.77,13_N.77
Sarawak,P.220 Baram,N.78 Mulu,13,P.220,N.78,13_N.78
Sarawak,P.221 Limbang,N.79 Bukit Kota,13,P.221,N.79,13_N.79
Sarawak,P.221 Limbang,N.80 Batu Danau,13,P.221,N.80,13_N.80
Sarawak,P.222 Lawas,N.81 Ba`Kelalan,13,P.222,N.81,13_N.81
Sarawak,P.222 Lawas,N.82 Bukit Sari,13,P.222,N.82,13_N.82
